atom_index,K_i
0,0.1452544546478322
1,0.14233258492475287
2,0.14720868217525698
3,0.15427575214757444
4,0.7533123835711122
5,0.6742356746844007
6,0.739141582547435
7,0.7184512211819774
8,0.7129156736652631
9,0.6541917592455675
10,0.6760721035178745
11,0.6972989187958156
12,0.673877010282389
13,0.6638283329699303
14,0.7141810226070877
15,0.7507454834918192
16,0.7679280315557386
17,0.7467043604803735
18,0.6898868938350797
19,0.6635683278993915
