type,atom_index,K_i
top_stiff,16,0.7679280315557386
top_stiff,4,0.7533123835711122
top_stiff,15,0.7507454834918192
top_stiff,17,0.7467043604803735
top_stiff,6,0.739141582547435
bottom_soft,1,0.1423325849247528
bottom_soft,0,0.1452544546478322
bottom_soft,2,0.1472086821752569
bottom_soft,3,0.1542757521475744
bottom_soft,9,0.6541917592455675
